DATE1,Open,High,Low,Close,Adj Close,Volume,SYMBOL,CLOSE_PRICE,ADJ_CLOSE_PRICE,CLOSE_PRICE_yfin_rounded,CLOSE_PRICE_bhav_rounded,ADJ_CLOSE_yfin_rounded,ADJ_CLOSE_bhav_rounded,close_diff,adj_close_diff
2025-01-01,1253.199951171875,1288.949951171875,1224.5,1276.699951171875,1268.9144287109375,227346,360ONE,1276.7,1268.9144526882815,1276.7,1276.7,1268.91,1268.91,0.0,0.0
2025-01-02,1283.5,1300.0,1269.800048828125,1292.9000244140625,1285.0157470703125,362600,360ONE,1292.9,1285.0156621607887,1292.9,1292.9,1285.02,1285.02,0.0,0.0
2025-01-03,1310.0,1311.3499755859375,1290.1500244140625,1297.1500244140625,1289.2398681640625,312666,360ONE,1297.15,1289.2397448927738,1297.15,1297.15,1289.24,1289.24,0.0,0.0
2025-01-06,1306.0999755859375,1318.0,1246.5,1257.9000244140625,1250.2291259765625,582553,360ONE,1257.9,1250.2290984856186,1257.9,1257.9,1250.23,1250.23,0.0,0.0
2025-01-07,1235.0,1253.3499755859375,1197.0,1217.300048828125,1209.876708984375,1064624,360ONE,1217.3,1209.876684622421,1217.3,1217.3,1209.88,1209.88,0.0,0.0
2025-01-08,1195.0,1214.8499755859375,1151.75,1175.8499755859375,1168.679443359375,507458,360ONE,1175.85,1168.6794542128264,1175.85,1175.85,1168.68,1168.68,0.0,0.0
2025-01-09,1172.699951171875,1172.699951171875,1148.050048828125,1166.550048828125,1159.436279296875,305587,360ONE,1166.55,1159.436167293424,1166.55,1166.55,1159.44,1159.44,0.0,0.0
2025-01-10,1164.8499755859375,1183.449951171875,1112.449951171875,1129.0999755859375,1122.214599609375,291345,360ONE,1129.1,1122.2145441609919,1129.1,1129.1,1122.21,1122.21,0.0,0.0
2025-01-13,1100.199951171875,1142.300048828125,1089.0,1101.949951171875,1095.2301025390625,819110,360ONE,1101.95,1095.2301097672528,1101.95,1101.95,1095.23,1095.23,0.0,0.0
2025-01-14,1106.8499755859375,1137.0,1100.800048828125,1126.5,1119.6304931640625,423370,360ONE,1126.5,1119.6303994308364,1126.5,1126.5,1119.63,1119.63,0.0,0.0
2025-01-15,1134.0,1220.0,1132.0,1193.449951171875,1186.172119140625,3496182,360ONE,1193.45,1186.1721262323408,1193.45,1193.45,1186.17,1186.17,0.0,0.0
2025-01-16,1172.0999755859375,1221.300048828125,1172.0999755859375,1198.949951171875,1191.6385498046875,1097801,360ONE,1198.95,1191.6385862384388,1198.95,1198.95,1191.64,1191.64,0.0,0.0
2025-01-17,1185.6500244140625,1201.449951171875,1169.0,1183.699951171875,1176.4815673828125,368046,360ONE,1183.7,1176.4815834942576,1183.7,1183.7,1176.48,1176.48,0.0,0.0
2025-01-20,1175.199951171875,1233.949951171875,1162.4000244140625,1216.5,1209.08154296875,551761,360ONE,1216.5,1209.0815631669884,1216.5,1216.5,1209.08,1209.08,0.0,0.0
2025-01-21,1230.0,1233.1500244140625,1191.0999755859375,1201.8499755859375,1194.5208740234375,316825,360ONE,1201.85,1194.5209015143814,1201.85,1201.85,1194.52,1194.52,0.0,0.0
2025-01-22,1200.0,1211.5,1113.75,1148.949951171875,1141.9434814453125,408202,360ONE,1148.95,1141.94349527391,1148.95,1148.95,1141.94,1141.94,0.0,0.0
2025-01-23,1130.0,1156.699951171875,1130.0,1141.449951171875,1134.4892578125,376946,360ONE,1141.45,1134.4892316292307,1141.45,1141.45,1134.49,1134.49,0.0,0.0
2025-01-24,1140.6500244140625,1155.0,1101.0,1127.4000244140625,1120.5250244140625,297675,360ONE,1127.4,1120.524911068198,1127.4,1127.4,1120.53,1120.52,0.0,0.009999999999990905
2025-01-27,1120.449951171875,1121.949951171875,1045.449951171875,1076.550048828125,1069.985107421875,714718,360ONE,1076.55,1069.985003557272,1076.55,1076.55,1069.99,1069.99,0.0,0.0
2025-01-28,1059.9000244140625,1059.9000244140625,945.0,1013.0499877929688,1006.8722534179688,2328267,360ONE,1013.05,1006.8722380323203,1013.05,1013.05,1006.87,1006.87,0.0,0.0
2025-01-29,997.7999877929688,1041.0,936.9000244140625,1028.3499755859375,1022.0789184570312,804573,360ONE,1028.35,1022.0789358674662,1028.35,1028.35,1022.08,1022.08,0.0,0.0
2025-01-30,1032.0,1060.0,980.0,1007.1500244140625,1001.00830078125,811463,360ONE,1007.15,1001.0082172985059,1007.15,1007.15,1001.01,1001.01,0.0,0.0
2025-01-31,1001.2000122070312,1053.25,998.5999755859375,1007.75,1001.6046142578125,827595,360ONE,1007.75,1001.6045583900802,1007.75,1007.75,1001.6,1001.6,0.0,0.0
2025-02-03,1023.5499877929688,1050.0,980.0,991.25,985.2052001953125,378144,360ONE,991.25,985.2051783717858,991.25,991.25,985.21,985.21,0.0,0.0
2025-02-04,993.6500244140625,1001.75,968.0,986.3499755859375,980.3350830078125,566369,360ONE,986.35,980.3350594572619,986.35,986.35,980.34,980.34,0.0,0.0
2025-02-05,981.5,1041.8499755859375,981.5,1028.9000244140625,1022.6256103515625,1092624,360ONE,1028.9,1022.6255818680761,1028.9,1028.9,1022.63,1022.63,0.0,0.0
2025-02-06,1032.9000244140625,1032.9000244140625,976.6500244140625,1009.7000122070312,1003.542724609375,2082188,360ONE,1009.7,1003.5426669376969,1009.7,1009.7,1003.54,1003.54,0.0,0.0
2025-02-07,1014.4000244140625,1025.25,1003.0,1018.7000122070312,1012.4878540039062,644115,360ONE,1018.7,1012.4877833113121,1018.7,1018.7,1012.49,1012.49,0.0,0.0
2025-02-10,1019.0,1029.5,985.5,991.8499755859375,985.801513671875,505940,360ONE,991.85,985.8015194633601,991.85,991.85,985.8,985.8,0.0,0.0
2025-02-11,992.3499755859375,1012.4500122070312,969.0499877929688,989.4500122070312,983.4161987304688,283512,360ONE,989.45,983.4161550970628,989.45,989.45,983.42,983.42,0.0,0.0
2025-02-12,982.2999877929688,983.9500122070312,951.0,954.5,948.6793212890625,652357,360ONE,954.5,948.679286512857,954.5,954.5,948.68,948.68,0.0,0.0
2025-02-13,960.0,998.0,945.0999755859375,953.0999755859375,947.287841796875,437231,360ONE,953.1,947.2878239658502,953.1,953.1,947.29,947.29,0.0,0.0
2025-02-14,958.0,967.75,900.0499877929688,904.5999755859375,899.0836181640625,335512,360ONE,904.6,899.0835857302571,904.6,904.6,899.08,899.08,0.0,0.0
2025-02-17,882.0999755859375,904.2999877929688,865.8499755859375,896.4000244140625,890.9336547851562,630021,360ONE,896.4,890.9335908120744,896.4,896.4,890.93,890.93,0.0,0.0
2025-02-18,902.0,912.0,877.1500244140625,884.6500244140625,879.2553100585938,946760,360ONE,884.65,879.2552444354101,884.65,884.65,879.26,879.26,0.0,0.0
2025-02-19,883.5,945.0,870.0,932.7000122070312,927.0122680664062,931472,360ONE,932.7,927.0122268523224,932.7,932.7,927.01,927.01,0.0,0.0
2025-02-20,932.7000122070312,979.0,932.7000122070312,955.25,949.4247436523438,864634,360ONE,955.25,949.424712877325,955.25,955.25,949.42,949.42,0.0,0.0
2025-02-21,959.0,985.0,946.5499877929688,981.25,975.2661743164062,481971,360ONE,981.25,975.26616017888,981.25,981.25,975.27,975.27,0.0,0.0
2025-02-24,980.9500122070312,1050.0,966.4500122070312,1009.4000244140625,1003.2445678710938,3041066,360ONE,1009.4,1003.2444963919097,1009.4,1009.4,1003.24,1003.24,0.0,0.0
2025-02-25,1010.0,1067.25,1010.0,1038.5,1032.1671142578125,1939581,360ONE,1038.5,1032.1670393332656,1038.5,1038.5,1032.17,1032.17,0.0,0.0
2025-02-27,1034.699951171875,1046.4000244140625,1002.2000122070312,1010.1500244140625,1003.989990234375,622537,360ONE,1010.15,1003.9899227563776,1010.15,1010.15,1003.99,1003.99,0.0,0.0
2025-02-28,991.0,1011.9000244140625,977.5499877929688,998.2999877929688,992.2122192382812,2050567,360ONE,998.3,992.2121861977843,998.3,998.3,992.21,992.21,0.0,0.0
2025-03-03,994.4000244140625,1005.0499877929688,971.8499755859375,978.5999755859375,972.63232421875,1493319,360ONE,978.6,972.6323203577599,978.6,978.6,972.63,972.63,0.0,0.0
2025-03-04,970.0,1001.2999877929688,970.0,983.0499877929688,977.05517578125,1119762,360ONE,983.05,977.0551834536029,983.05,983.05,977.06,977.06,0.0,0.0
2025-03-05,982.5999755859375,1003.0499877929688,977.0,983.5,977.50244140625,778300,360ONE,983.5,977.5024392722837,983.5,983.5,977.5,977.5,0.0,0.0
2025-03-06,987.8499755859375,992.2000122070312,961.0,966.25,960.357666015625,349340,360ONE,966.25,960.3576328895213,966.25,966.25,960.36,960.36,0.0,0.0
2025-03-07,965.9500122070312,979.7999877929688,964.5499877929688,972.9000244140625,966.9671630859375,521682,360ONE,972.9,966.9670799878036,972.9,972.9,966.97,966.97,0.0,0.0
2025-03-10,972.0,984.0,890.0,895.4000244140625,889.9397583007812,2325435,360ONE,895.4,889.9396889927838,895.4,895.4,889.94,889.94,0.0,0.0
2025-03-11,889.2999877929688,896.4000244140625,861.4500122070312,865.1500244140625,859.8742065429688,1640437,360ONE,865.15,859.8741589592438,865.15,865.15,859.87,859.87,0.0,0.0
2025-03-12,868.0,870.7999877929688,832.0999755859375,846.3499755859375,841.1887817382812,880718,360ONE,846.35,841.188804756581,846.35,846.35,841.19,841.19,0.0,0.0
2025-03-13,848.75,884.9500122070312,825.0,864.8499755859375,859.5759887695312,1427481,360ONE,864.85,859.5759884134567,864.85,864.85,859.58,859.58,0.0,0.0
2025-03-17,864.8499755859375,870.25,851.0,854.5999755859375,849.3884887695312,476976,360ONE,854.6,849.3884947657283,854.6,854.6,849.39,849.39,0.0,0.0
2025-03-18,854.5999755859375,854.5999755859375,854.5999755859375,854.5999755859375,849.3884887695312,0,360ONE,914.8,909.221384287021,854.6,914.8,849.39,909.22,60.19999999999993,59.83000000000004
2025-03-19,914.7999877929688,943.8499755859375,887.2999877929688,923.7999877929688,918.16650390625,2776070,360ONE,923.8,918.1665006606362,923.8,923.8,918.17,918.17,0.0,0.0
2025-03-20,923.7999877929688,930.0,913.5,926.5999755859375,920.9494018554688,554710,360ONE,926.6,920.9494257546498,926.6,926.6,920.95,920.95,0.0,0.0
2025-03-21,926.5999755859375,982.0,914.2000122070312,942.75,937.0009765625,4892340,360ONE,942.75,937.0009401361926,942.75,942.75,937.0,937.0,0.0,0.0
2025-03-24,950.0,997.5999755859375,942.7999877929688,978.75,972.7814331054688,1536573,360ONE,978.75,972.7814056306535,978.75,978.75,972.78,972.78,0.0,0.0
2025-03-25,978.0499877929688,988.5,966.9000244140625,977.7999877929688,971.8372192382812,757033,360ONE,977.8,971.8371989023274,977.8,977.8,971.84,971.84,0.0,0.0
2025-03-26,972.9500122070312,983.25,941.25,959.6500244140625,953.7979125976562,397546,360ONE,959.65,953.7978808822035,959.65,959.65,953.8,953.8,0.0,0.0
2025-03-27,950.0,987.0,942.0,971.4000244140625,965.4762573242188,1816532,360ONE,971.4,965.4762272588678,971.4,971.4,965.48,965.48,0.0,0.0
2025-03-28,976.7000122070312,983.0,924.9000244140625,942.6500244140625,936.901611328125,969709,360ONE,942.65,936.9015499542636,942.65,942.65,936.9,936.9,0.0,0.0
2025-04-01,949.0,954.75,883.0499877929688,888.1500244140625,882.7339477539062,529235,360ONE,888.15,882.7339008029271,888.15,888.15,882.73,882.73,0.0,0.0
2025-04-02,889.9500122070312,897.5999755859375,872.5499877929688,890.5499877929688,885.1192626953125,310152,360ONE,890.55,885.1192651692245,890.55,890.55,885.12,885.12,0.0,0.0
2025-04-03,890.0,919.9500122070312,886.4000244140625,912.5,906.9354248046875,355479,360ONE,912.5,906.9354101026527,912.5,912.5,906.94,906.94,0.0,0.0
2025-04-04,912.5,931.7999877929688,837.9500122070312,849.3499755859375,844.1705322265625,962981,360ONE,849.35,844.1705102144527,849.35,849.35,844.17,844.17,0.0,0.0
2025-04-07,806.5999755859375,897.9500122070312,790.5,886.5499877929688,881.1436767578125,919861,360ONE,886.55,881.1436578920622,886.55,886.55,881.14,881.14,0.0,0.0
2025-04-08,883.0,889.7999877929688,843.0499877929688,847.7000122070312,842.5306396484375,880189,360ONE,847.7,842.5305722126233,847.7,847.7,842.53,842.53,0.0,0.0
2025-04-09,848.0499877929688,852.75,804.2999877929688,808.5499877929688,803.6193237304688,554023,360ONE,808.55,803.619315987397,808.55,808.55,803.62,803.62,0.0,0.0
2025-04-11,825.9500122070312,880.9000244140625,812.0,870.2000122070312,864.8933715820312,1958890,360ONE,870.2,864.8933631466613,870.2,870.2,864.89,864.89,0.0,0.0
2025-04-15,900.0,950.0,895.0,938.7000122070312,932.9757080078125,2860927,360ONE,938.7,932.9756377680659,938.7,938.7,932.98,932.98,0.0,0.0
2025-04-16,933.9500122070312,958.0,917.2999877929688,943.75,937.994873046875,866333,360ONE,943.75,937.9948419554833,943.75,943.75,937.99,937.99,0.0,0.0
2025-04-17,954.9500122070312,990.5999755859375,950.0499877929688,956.7999877929688,950.9652709960938,2754876,360ONE,956.8,950.9652606972253,956.8,956.8,950.97,950.97,0.0,0.0
2025-04-21,968.0,985.5,948.0,954.25,948.4308471679688,2264748,360ONE,954.25,948.4308110580344,954.25,954.25,948.43,948.43,0.0,0.0
2025-04-22,975.0,1024.0,953.0,1013.9000244140625,1007.7171020507812,3326459,360ONE,1013.9,1007.7170545787174,1013.9,1013.9,1007.72,1007.72,0.0,0.0
2025-04-23,1020.0,1068.9000244140625,1019.9500122070312,1059.75,1053.2874755859375,3333648,360ONE,1059.75,1053.2874529931903,1059.75,1059.75,1053.29,1053.29,0.0,0.0
2025-04-24,1058.0,1068.0,1008.0,1018.25,1012.04052734375,1961884,360ONE,1018.25,1012.0405274926313,1018.25,1018.25,1012.04,1012.04,0.0,0.0
2025-04-25,1024.699951171875,1024.699951171875,965.7999877929688,971.7000122070312,965.7744140625,1165532,360ONE,971.7,965.774397804655,971.7,971.7,965.77,965.77,0.0,0.0
2025-04-28,972.0,997.0,947.0,983.9000244140625,977.9000244140625,937547,360ONE,983.9,977.9,983.9,983.9,977.9,977.9,0.0,0.0
2025-04-29,984.0,996.7000122070312,976.5999755859375,983.0499877929688,983.0499877929688,731964,360ONE,983.05,983.05,983.05,983.05,983.05,983.05,0.0,0.0
2025-04-30,975.0499877929688,1019.9500122070312,975.0499877929688,986.0499877929688,986.0499877929688,2937845,360ONE,986.05,986.05,986.05,986.05,986.05,986.05,0.0,0.0
2025-05-02,985.5499877929688,988.25,943.0999755859375,948.75,948.75,428256,360ONE,946.85,946.85,948.75,946.85,948.75,946.85,1.8999999999999773,1.8999999999999773
2025-05-05,942.2000122070312,948.3499755859375,922.0,937.2999877929688,937.2999877929688,530064,360ONE,937.3,937.3,937.3,937.3,937.3,937.3,0.0,0.0
2025-05-06,940.4000244140625,947.2999877929688,902.1500244140625,906.2999877929688,906.2999877929688,524503,360ONE,906.3,906.3,906.3,906.3,906.3,906.3,0.0,0.0
2025-05-07,902.0,941.8499755859375,890.25,932.1500244140625,932.1500244140625,1357495,360ONE,932.15,932.15,932.15,932.15,932.15,932.15,0.0,0.0
2025-05-08,927.25,942.2999877929688,908.0,913.0499877929688,913.0499877929688,717894,360ONE,913.05,913.05,913.05,913.05,913.05,913.05,0.0,0.0
2025-05-09,882.5999755859375,922.0,882.5999755859375,915.7999877929688,915.7999877929688,853218,360ONE,915.8,915.8,915.8,915.8,915.8,915.8,0.0,0.0
2025-05-12,940.0,990.0,940.0,962.0,962.0,1014955,360ONE,962.0,962.0,962.0,962.0,962.0,962.0,0.0,0.0
2025-05-13,966.0,990.0,961.8499755859375,965.5999755859375,965.5999755859375,552909,360ONE,965.6,965.6,965.6,965.6,965.6,965.6,0.0,0.0
2025-05-14,976.0,990.0,949.75,988.2000122070312,988.2000122070312,697367,360ONE,988.2,988.2,988.2,988.2,988.2,988.2,0.0,0.0
2025-05-15,995.0,1024.0,975.0,1016.5999755859375,1016.5999755859375,1071460,360ONE,1016.6,1016.6,1016.6,1016.6,1016.6,1016.6,0.0,0.0
2025-05-16,1022.4500122070312,1032.449951171875,993.5,1000.5499877929688,1000.5499877929688,560528,360ONE,1000.55,1000.55,1000.55,1000.55,1000.55,1000.55,0.0,0.0
2025-05-19,1010.0,1036.6500244140625,993.5499877929688,1021.25,1021.25,729845,360ONE,1021.25,1021.25,1021.25,1021.25,1021.25,1021.25,0.0,0.0
2025-05-20,1024.25,1030.0,981.0,994.4000244140625,994.4000244140625,602579,360ONE,994.4,994.4,994.4,994.4,994.4,994.4,0.0,0.0
2025-05-21,1014.9000244140625,1018.4500122070312,994.7000122070312,1012.2000122070312,1012.2000122070312,406917,360ONE,1012.2,1012.2,1012.2,1012.2,1012.2,1012.2,0.0,0.0
2025-05-22,1009.9500122070312,1018.5,982.8499755859375,992.0999755859375,992.0999755859375,342383,360ONE,992.1,992.1,992.1,992.1,992.1,992.1,0.0,0.0
2025-05-23,995.0,1019.8499755859375,983.2999877929688,1017.4500122070312,1017.4500122070312,473437,360ONE,1017.45,1017.45,1017.45,1017.45,1017.45,1017.45,0.0,0.0
2025-05-26,1029.1500244140625,1037.699951171875,1009.4500122070312,1016.75,1016.75,410602,360ONE,1016.75,1016.75,1016.75,1016.75,1016.75,1016.75,0.0,0.0
2025-05-27,1023.0,1023.0,1001.5,1009.2999877929688,1009.2999877929688,279324,360ONE,1009.3,1009.3,1009.3,1009.3,1009.3,1009.3,0.0,0.0
2025-05-28,1009.7999877929688,1029.0,1009.2999877929688,1024.949951171875,1024.949951171875,671847,360ONE,1024.95,1024.95,1024.95,1024.95,1024.95,1024.95,0.0,0.0
2025-05-29,1030.0,1031.800048828125,1007.0,1025.050048828125,1025.050048828125,319865,360ONE,1025.05,1025.05,1025.05,1025.05,1025.05,1025.05,0.0,0.0
2025-05-30,1015.0499877929688,1029.0,993.0,997.4500122070312,997.4500122070312,1273280,360ONE,997.45,997.45,997.45,997.45,997.45,997.45,0.0,0.0
2025-06-02,1005.0,1040.0,1002.6500244140625,1019.5,1019.5,737518,360ONE,1019.5,1019.5,1019.5,1019.5,1019.5,1019.5,0.0,0.0
2025-06-03,1029.8499755859375,1046.800048828125,1012.0,1014.1500244140625,1014.1500244140625,473711,360ONE,1014.15,1014.15,1014.15,1014.15,1014.15,1014.15,0.0,0.0
2025-06-04,1016.2000122070312,1033.0,1005.5499877929688,1024.25,1024.25,419409,360ONE,1024.25,1024.25,1024.25,1024.25,1024.25,1024.25,0.0,0.0
2025-06-05,1027.0,1089.449951171875,1009.0499877929688,1074.0,1074.0,1555439,360ONE,1074.0,1074.0,1074.0,1074.0,1074.0,1074.0,0.0,0.0
2025-06-06,1107.4000244140625,1125.0,1054.0999755859375,1064.800048828125,1064.800048828125,2406203,360ONE,1064.8,1064.8,1064.8,1064.8,1064.8,1064.8,0.0,0.0
2025-06-09,1077.199951171875,1087.3499755859375,1047.199951171875,1065.5999755859375,1065.5999755859375,1548191,360ONE,1065.6,1065.6,1065.6,1065.6,1065.6,1065.6,0.0,0.0
2025-06-10,1074.5,1077.75,998.0,1062.300048828125,1062.300048828125,479653,360ONE,1062.3,1062.3,1062.3,1062.3,1062.3,1062.3,0.0,0.0
2025-06-11,1073.050048828125,1113.800048828125,1060.449951171875,1087.0999755859375,1087.0999755859375,1488940,360ONE,1087.1,1087.1,1087.1,1087.1,1087.1,1087.1,0.0,0.0
2025-06-12,1090.0,1110.0,1070.050048828125,1081.4000244140625,1081.4000244140625,1560231,360ONE,1081.4,1081.4,1081.4,1081.4,1081.4,1081.4,0.0,0.0
2025-06-13,1060.0999755859375,1150.0,1056.4000244140625,1140.5,1140.5,2538226,360ONE,1140.5,1140.5,1140.5,1140.5,1140.5,1140.5,0.0,0.0
2025-06-16,1140.0,1191.5999755859375,1120.9000244140625,1169.5999755859375,1169.5999755859375,2302686,360ONE,1169.6,1169.6,1169.6,1169.6,1169.6,1169.6,0.0,0.0
2025-06-17,1172.0,1178.5999755859375,1140.1500244140625,1146.199951171875,1146.199951171875,894802,360ONE,1146.2,1146.2,1146.2,1146.2,1146.2,1146.2,0.0,0.0
2025-06-18,1147.5999755859375,1178.800048828125,1113.050048828125,1118.6500244140625,1118.6500244140625,791793,360ONE,1118.65,1118.65,1118.65,1118.65,1118.65,1118.65,0.0,0.0
2025-06-19,1122.3499755859375,1160.0,1100.0999755859375,1114.4000244140625,1114.4000244140625,839416,360ONE,1114.4,1114.4,1114.4,1114.4,1114.4,1114.4,0.0,0.0
2025-06-20,1107.75,1149.8499755859375,1104.4000244140625,1137.25,1137.25,659293,360ONE,1137.25,1137.25,1137.25,1137.25,1137.25,1137.25,0.0,0.0
2025-06-23,1120.5999755859375,1163.6500244140625,1118.5,1157.449951171875,1157.449951171875,454188,360ONE,1157.45,1157.45,1157.45,1157.45,1157.45,1157.45,0.0,0.0
2025-06-24,1165.449951171875,1188.800048828125,1141.0,1147.6500244140625,1147.6500244140625,444866,360ONE,1147.65,1147.65,1147.65,1147.65,1147.65,1147.65,0.0,0.0
2025-06-25,1151.25,1200.0,1140.1500244140625,1190.0,1190.0,879204,360ONE,1190.0,1190.0,1190.0,1190.0,1190.0,1190.0,0.0,0.0
2025-06-26,1202.0,1202.949951171875,1147.0999755859375,1164.8499755859375,1164.8499755859375,1806780,360ONE,1164.85,1164.85,1164.85,1164.85,1164.85,1164.85,0.0,0.0
2025-06-27,1180.0,1208.699951171875,1170.0,1195.699951171875,1195.699951171875,3387240,360ONE,1195.7,1195.7,1195.7,1195.7,1195.7,1195.7,0.0,0.0
2025-06-30,1206.5,1206.5,1178.0,1194.5,1194.5,2857456,360ONE,1194.5,1194.5,1194.5,1194.5,1194.5,1194.5,0.0,0.0
2025-01-01,467.0,498.3500061035156,467.0,486.25,478.2194519042969,371560,CIEINDIA,486.25,478.2194467382329,486.25,486.25,478.22,478.22,0.0,0.0
2025-01-02,485.8500061035156,489.5,477.25,484.54998779296875,476.5475158691406,178588,CIEINDIA,484.55,476.54752270850537,484.55,484.55,476.55,476.55,0.0,0.0
2025-01-03,484.54998779296875,492.70001220703125,482.04998779296875,486.45001220703125,478.4161682128906,240366,CIEINDIA,486.45,478.4161436829067,486.45,486.45,478.42,478.42,0.0,0.0
2025-01-06,488.95001220703125,488.95001220703125,468.8999938964844,471.79998779296875,464.0080871582031,175388,CIEINDIA,471.8,464.0080924855491,471.8,471.8,464.01,464.01,0.0,0.0
2025-01-07,471.5,471.95001220703125,465.5,468.95001220703125,461.2051696777344,95443,CIEINDIA,468.95,461.20516102394714,468.95,468.95,461.21,461.21,0.0,0.0
2025-01-08,468.0,470.25,459.1000061035156,460.95001220703125,453.3373107910156,109635,CIEINDIA,460.95,453.3372832369942,460.95,460.95,453.34,453.34,0.0,0.0
2025-01-09,460.95001220703125,466.45001220703125,457.1000061035156,460.70001220703125,453.0914306640625,75359,CIEINDIA,460.7,453.0914120561519,460.7,460.7,453.09,453.09,0.0,0.0
2025-01-10,460.5,461.0,455.29998779296875,457.8500061035156,450.2884826660156,90729,CIEINDIA,457.85,450.28848059455,457.85,457.85,450.29,450.29,0.0,0.0
2025-01-13,451.0,460.1000061035156,449.29998779296875,457.1000061035156,449.5508728027344,427309,CIEINDIA,457.1,449.55086705202314,457.1,457.1,449.55,449.55,0.0,0.0
2025-01-14,457.0,464.79998779296875,452.3999938964844,459.70001220703125,452.1079406738281,567346,CIEINDIA,459.7,452.1079273327828,459.7,459.7,452.11,452.11,0.0,0.0
2025-01-15,460.0,467.8999938964844,455.54998779296875,463.25,455.59930419921875,93194,CIEINDIA,463.25,455.59929810074317,463.25,463.25,455.6,455.6,0.0,0.0
2025-01-16,465.70001220703125,478.54998779296875,465.29998779296875,475.8500061035156,467.9912109375,128739,CIEINDIA,475.85,467.9912056151941,475.85,475.85,467.99,467.99,0.0,0.0
2025-01-17,471.3999938964844,476.95001220703125,471.3999938964844,474.70001220703125,466.8602294921875,102109,CIEINDIA,474.7,466.86019818331954,474.7,474.7,466.86,466.86,0.0,0.0
2025-01-20,473.0,475.5,468.0,471.3999938964844,463.6147155761719,35659,CIEINDIA,471.4,463.61469859620144,471.4,471.4,463.61,463.61,0.0,0.0
2025-01-21,473.0,475.1000061035156,461.0,464.5,456.82867431640625,77879,CIEINDIA,464.5,456.82865400495456,464.5,464.5,456.83,456.83,0.0,0.0
2025-01-22,467.0,467.0,455.0,462.0,454.3699645996094,70650,CIEINDIA,462.0,454.3699421965318,462.0,462.0,454.37,454.37,0.0,0.0
2025-01-23,462.0,469.8999938964844,456.20001220703125,459.1499938964844,451.5670166015625,86571,CIEINDIA,459.15,451.5670107349298,459.15,459.15,451.57,451.57,0.0,0.0
2025-01-24,456.8999938964844,459.20001220703125,452.0,456.54998779296875,449.00994873046875,215352,CIEINDIA,456.55,449.0099504541701,456.55,456.55,449.01,449.01,0.0,0.0
2025-01-27,456.54998779296875,456.54998779296875,442.79998779296875,452.45001220703125,444.9776916503906,147694,CIEINDIA,452.45,444.97766308835673,452.45,452.45,444.98,444.98,0.0,0.0
2025-01-28,451.1000061035156,452.8999938964844,437.79998779296875,451.04998779296875,443.60076904296875,140744,CIEINDIA,451.05,443.60078447563995,451.05,451.05,443.6,443.6,0.0,0.0
2025-01-29,453.3999938964844,461.79998779296875,450.6000061035156,453.04998779296875,445.5677490234375,71907,CIEINDIA,453.05,445.5677539223782,453.05,453.05,445.57,445.57,0.0,0.0
2025-01-30,453.95001220703125,469.45001220703125,450.70001220703125,465.75,458.0580139160156,1131113,CIEINDIA,465.75,458.05800990916595,465.75,465.75,458.06,458.06,0.0,0.0
2025-01-31,465.1000061035156,468.75,459.8999938964844,464.45001220703125,456.7795104980469,209285,CIEINDIA,464.45,456.77947976878613,464.45,464.45,456.78,456.78,0.0,0.0
2025-02-03,459.1000061035156,471.70001220703125,459.1000061035156,468.25,460.5167236328125,149384,CIEINDIA,468.25,460.5167217175888,468.25,468.25,460.52,460.52,0.0,0.0
2025-02-04,469.0,474.8999938964844,458.0,464.04998779296875,456.3860778808594,93599,CIEINDIA,464.05,456.3860858794385,464.05,464.05,456.39,456.39,0.0,0.0
2025-02-05,464.04998779296875,475.0,460.1499938964844,471.95001220703125,464.1556396484375,249831,CIEINDIA,471.95,464.15561519405446,471.95,471.95,464.16,464.16,0.0,0.0
2025-02-06,471.95001220703125,478.5,469.04998779296875,474.75,466.9093933105469,84355,CIEINDIA,474.75,466.909372419488,474.75,474.75,466.91,466.91,0.0,0.0
2025-02-07,474.75,477.0,465.04998779296875,473.75,465.9259033203125,62862,CIEINDIA,473.75,465.9258876961189,473.75,473.75,465.93,465.93,0.0,0.0
2025-02-10,470.0,472.54998779296875,457.6499938964844,459.1000061035156,451.5178527832031,48407,CIEINDIA,459.1,451.51783649876137,459.1,459.1,451.52,451.52,0.0,0.0
2025-02-11,457.20001220703125,463.0,444.25,447.70001220703125,440.3061218261719,85143,CIEINDIA,447.7,440.3061106523534,447.7,447.7,440.31,440.31,0.0,0.0
2025-02-12,447.70001220703125,449.25,428.70001220703125,431.25,424.1278076171875,80222,CIEINDIA,431.25,424.12778695293144,431.25,431.25,424.13,424.13,0.0,0.0
2025-02-13,434.0,434.0,423.54998779296875,426.8500061035156,419.80047607421875,98530,CIEINDIA,426.85,419.80045417010734,426.85,426.85,419.8,419.8,0.0,0.0
2025-02-14,426.04998779296875,429.75,413.3999938964844,419.70001220703125,412.7685546875,140169,CIEINDIA,419.7,412.76853839801817,419.7,419.7,412.77,412.77,0.0,0.0
2025-02-17,413.25,422.95001220703125,410.5,417.25,410.3590087890625,88521,CIEINDIA,417.25,410.3590008257638,417.25,417.25,410.36,410.36,0.0,0.0
2025-02-18,417.5,419.3500061035156,405.29998779296875,409.75,402.9828796386719,68419,CIEINDIA,409.75,402.9828654004954,409.75,409.75,402.98,402.98,0.0,0.0
2025-02-19,409.75,425.0,406.0,422.45001220703125,415.47314453125,121069,CIEINDIA,422.45,415.47312138728324,422.45,422.45,415.47,415.47,0.0,0.0
2025-02-20,423.0,435.0,419.1000061035156,431.04998779296875,423.93109130859375,129801,CIEINDIA,431.05,423.9310900082576,431.05,431.05,423.93,423.93,0.0,0.0
2025-02-21,421.1000061035156,437.54998779296875,411.29998779296875,420.8500061035156,413.8995666503906,802574,CIEINDIA,420.85,413.89954582989265,420.85,420.85,413.9,413.9,0.0,0.0
2025-02-24,418.0,418.0,399.1000061035156,403.1000061035156,396.4427185058594,157623,CIEINDIA,403.1,396.44269199009085,403.1,403.1,396.44,396.44,0.0,0.0
2025-02-25,403.79998779296875,407.70001220703125,397.04998779296875,399.0,392.410400390625,119646,CIEINDIA,399.0,392.4104046242775,399.0,399.0,392.41,392.41,0.0,0.0
2025-02-27,397.54998779296875,399.95001220703125,388.0,389.6000061035156,383.1656494140625,92674,CIEINDIA,389.6,383.16564822460776,389.6,389.6,383.17,383.17,0.0,0.0
2025-02-28,392.45001220703125,392.45001220703125,370.0,376.04998779296875,369.83941650390625,256760,CIEINDIA,376.05,369.83943022295625,376.05,376.05,369.84,369.84,0.0,0.0
2025-03-03,373.0,388.0,371.54998779296875,385.6000061035156,379.2317199707031,509299,CIEINDIA,385.6,379.2317093311313,385.6,385.6,379.23,379.23,0.0,0.0
2025-03-04,382.0,389.0,376.1499938964844,386.20001220703125,379.8218078613281,166539,CIEINDIA,386.2,379.82180016515275,386.2,386.2,379.82,379.82,0.0,0.0
2025-03-05,390.20001220703125,415.8999938964844,386.0,399.8500061035156,393.2463684082031,411519,CIEINDIA,399.85,393.24636663914123,399.85,399.85,393.25,393.25,0.0,0.0
2025-03-06,402.3999938964844,414.3500061035156,402.3999938964844,410.1000061035156,403.32708740234375,171435,CIEINDIA,410.1,403.32708505367464,410.1,410.1,403.33,403.33,0.0,0.0
2025-03-07,412.6499938964844,413.1000061035156,395.1499938964844,399.1499938964844,392.55792236328125,272751,CIEINDIA,399.15,392.5579273327828,399.15,399.15,392.56,392.56,0.0,0.0
2025-03-10,400.0,407.79998779296875,388.45001220703125,393.75,387.24713134765625,173500,CIEINDIA,393.75,387.24710982658956,393.75,393.75,387.25,387.25,0.0,0.0
2025-03-11,390.04998779296875,393.0,385.1000061035156,388.3999938964844,381.9854736328125,68069,CIEINDIA,388.4,381.9854665565648,388.4,388.4,381.99,381.99,0.0,0.0
2025-03-12,388.5,394.3500061035156,380.0,382.1499938964844,375.83868408203125,109025,CIEINDIA,382.15,375.8386870355078,382.15,382.15,375.84,375.84,0.0,0.0
2025-03-13,384.6499938964844,386.0,378.29998779296875,384.95001220703125,378.59246826171875,128143,CIEINDIA,384.95,378.59244426094136,384.95,384.95,378.59,378.59,0.0,0.0
2025-03-17,385.5,390.04998779296875,377.95001220703125,381.95001220703125,375.6419982910156,153700,CIEINDIA,381.95,375.641990090834,381.95,381.95,375.64,375.64,0.0,0.0
2025-03-18,381.95001220703125,381.95001220703125,381.95001220703125,381.95001220703125,375.6419982910156,0,CIEINDIA,388.7,382.2805119735755,381.95,388.7,375.64,382.28,6.75,6.639999999999986
2025-03-19,388.8999938964844,397.5,388.70001220703125,395.95001220703125,389.4107971191406,105690,CIEINDIA,395.95,389.4107762180016,395.95,395.95,389.41,389.41,0.0,0.0
2025-03-20,397.0,408.20001220703125,397.0,401.95001220703125,395.31170654296875,170158,CIEINDIA,401.95,395.3116845582163,401.95,401.95,395.31,395.31,0.0,0.0
2025-03-21,401.79998779296875,408.20001220703125,401.04998779296875,405.20001220703125,398.5080261230469,100176,CIEINDIA,405.2,398.50800990916593,405.2,405.2,398.51,398.51,0.0,0.0
2025-03-24,406.04998779296875,412.0,405.25,410.3999938964844,403.62213134765625,133941,CIEINDIA,410.4,403.62213047068536,410.4,410.4,403.62,403.62,0.0,0.0
2025-03-25,412.6000061035156,414.0,398.04998779296875,407.1499938964844,400.4258117675781,162180,CIEINDIA,407.15,400.42580511973574,407.15,407.15,400.43,400.43,0.0,0.0
2025-03-26,403.3999938964844,408.29998779296875,400.3999938964844,404.95001220703125,398.26214599609375,108521,CIEINDIA,404.95,398.2621387283237,404.95,404.95,398.26,398.26,0.0,0.0
2025-03-27,398.6000061035156,447.45001220703125,387.54998779296875,405.1499938964844,398.4588317871094,1737649,CIEINDIA,405.15,398.4588356729975,405.15,405.15,398.46,398.46,0.0,0.0
2025-03-28,397.3500061035156,412.0,375.29998779296875,398.1499938964844,391.5744323730469,715400,CIEINDIA,398.15,391.57444260941367,398.15,398.15,391.57,391.57,0.0,0.0
2025-04-01,403.29998779296875,403.29998779296875,393.54998779296875,400.95001220703125,394.3282165527344,128911,CIEINDIA,400.95,394.3281998348472,400.95,400.95,394.33,394.33,0.0,0.0
2025-04-02,402.95001220703125,402.95001220703125,390.3500061035156,393.6499938964844,387.1487731933594,201598,CIEINDIA,393.65,387.14876135425266,393.65,393.65,387.15,387.15,0.0,0.0
2025-04-03,394.75,397.95001220703125,392.3999938964844,396.04998779296875,389.5091247558594,71843,CIEINDIA,396.05,389.5091246903386,396.05,396.05,389.51,389.51,0.0,0.0
2025-04-04,394.0,398.95001220703125,390.0,390.6499938964844,384.19830322265625,240418,CIEINDIA,390.65,384.1983071841453,390.65,390.65,384.2,384.2,0.0,0.0
2025-04-07,358.04998779296875,384.95001220703125,356.75,380.1499938964844,373.8717346191406,125013,CIEINDIA,380.15,373.87171758876957,380.15,380.15,373.87,373.87,0.0,0.0
2025-04-08,384.0,388.20001220703125,381.04998779296875,387.3500061035156,380.95281982421875,80429,CIEINDIA,387.35,380.9528075970273,387.35,387.35,380.95,380.95,0.0,0.0
2025-04-09,390.1000061035156,390.1000061035156,383.1499938964844,387.45001220703125,381.0511779785156,78412,CIEINDIA,387.45,381.05115606936414,387.45,387.45,381.05,381.05,0.0,0.0
2025-04-11,390.3999938964844,402.8500061035156,390.0,400.79998779296875,394.1806640625,138068,CIEINDIA,400.8,394.1806771263419,400.8,400.8,394.18,394.18,0.0,0.0
2025-04-15,405.0,416.04998779296875,403.5,411.3999938964844,404.6056213378906,188072,CIEINDIA,411.4,404.60561519405445,411.4,411.4,404.61,404.61,0.0,0.0
2025-04-16,416.79998779296875,416.79998779296875,409.1499938964844,412.8500061035156,406.03167724609375,138524,CIEINDIA,412.85,406.0316680429397,412.85,412.85,406.03,406.03,0.0,0.0
2025-04-17,415.95001220703125,416.20001220703125,409.1000061035156,413.04998779296875,406.2283630371094,114831,CIEINDIA,413.05,406.22836498761353,413.05,413.05,406.23,406.23,0.0,0.0
2025-04-21,417.8999938964844,423.0,412.5,420.8500061035156,413.8995666503906,307666,CIEINDIA,420.85,413.89954582989265,420.85,420.85,413.9,413.9,0.0,0.0
2025-04-22,424.20001220703125,430.0,417.5,423.8500061035156,416.8500061035156,317180,CIEINDIA,423.85,416.85,423.85,423.85,416.85,416.85,0.0,0.0
2025-04-23,423.0,423.0,408.25,416.20001220703125,416.20001220703125,332266,CIEINDIA,416.2,416.2,416.2,416.2,416.2,416.2,0.0,0.0
2025-04-24,412.0,418.3999938964844,411.1499938964844,415.6000061035156,415.6000061035156,153811,CIEINDIA,415.6,415.6,415.6,415.6,415.6,415.6,0.0,0.0
2025-04-25,417.0,417.04998779296875,402.8999938964844,409.20001220703125,409.20001220703125,177819,CIEINDIA,409.2,409.2,409.2,409.2,409.2,409.2,0.0,0.0
2025-04-28,409.1499938964844,410.8999938964844,398.6000061035156,409.45001220703125,409.45001220703125,99516,CIEINDIA,409.45,409.45,409.45,409.45,409.45,409.45,0.0,0.0
2025-04-29,409.95001220703125,414.6000061035156,405.20001220703125,411.0,411.0,92270,CIEINDIA,411.0,411.0,411.0,411.0,411.0,411.0,0.0,0.0
2025-04-30,410.0,411.8500061035156,398.3999938964844,405.95001220703125,405.95001220703125,372577,CIEINDIA,405.95,405.95,405.95,405.95,405.95,405.95,0.0,0.0
2025-05-02,401.8999938964844,404.70001220703125,390.54998779296875,396.0,396.0,573122,CIEINDIA,395.9,395.9,396.0,395.9,396.0,395.9,0.10000000000002274,0.10000000000002274
2025-05-05,394.0,414.0,393.79998779296875,412.04998779296875,412.04998779296875,155116,CIEINDIA,412.05,412.05,412.05,412.05,412.05,412.05,0.0,0.0
2025-05-06,412.0,413.20001220703125,402.25,404.6000061035156,404.6000061035156,106115,CIEINDIA,404.6,404.6,404.6,404.6,404.6,404.6,0.0,0.0
2025-05-07,397.04998779296875,412.5,397.04998779296875,410.20001220703125,410.20001220703125,147748,CIEINDIA,410.2,410.2,410.2,410.2,410.2,410.2,0.0,0.0
2025-05-08,412.0,418.8500061035156,399.6000061035156,410.1000061035156,410.1000061035156,203106,CIEINDIA,410.1,410.1,410.1,410.1,410.1,410.1,0.0,0.0
2025-05-09,394.5,412.0,394.1499938964844,403.29998779296875,403.29998779296875,88335,CIEINDIA,403.3,403.3,403.3,403.3,403.3,403.3,0.0,0.0
2025-05-12,407.0,421.8999938964844,406.25,420.6000061035156,420.6000061035156,179374,CIEINDIA,420.6,420.6,420.6,420.6,420.6,420.6,0.0,0.0
2025-05-13,420.0,433.1499938964844,418.0,430.54998779296875,430.54998779296875,208897,CIEINDIA,430.55,430.55,430.55,430.55,430.55,430.55,0.0,0.0
2025-05-14,433.0,439.8999938964844,429.1000061035156,436.75,436.75,106473,CIEINDIA,436.75,436.75,436.75,436.75,436.75,436.75,0.0,0.0
2025-05-15,437.0,444.75,434.0,440.6000061035156,440.6000061035156,80279,CIEINDIA,440.6,440.6,440.6,440.6,440.6,440.6,0.0,0.0
2025-05-16,443.0,445.75,436.8500061035156,443.95001220703125,443.95001220703125,89673,CIEINDIA,443.95,443.95,443.95,443.95,443.95,443.95,0.0,0.0
2025-05-19,445.0,454.79998779296875,444.0,447.04998779296875,447.04998779296875,128560,CIEINDIA,447.05,447.05,447.05,447.05,447.05,447.05,0.0,0.0
2025-05-20,447.0,455.54998779296875,440.1000061035156,441.6499938964844,441.6499938964844,83616,CIEINDIA,441.65,441.65,441.65,441.65,441.65,441.65,0.0,0.0
2025-05-21,439.95001220703125,450.5,437.8999938964844,448.45001220703125,448.45001220703125,77480,CIEINDIA,448.45,448.45,448.45,448.45,448.45,448.45,0.0,0.0
2025-05-22,445.3999938964844,453.0,443.8999938964844,451.75,451.75,65004,CIEINDIA,451.75,451.75,451.75,451.75,451.75,451.75,0.0,0.0
2025-05-23,453.0,453.3500061035156,446.79998779296875,450.1000061035156,450.1000061035156,57796,CIEINDIA,450.1,450.1,450.1,450.1,450.1,450.1,0.0,0.0
2025-05-26,450.1000061035156,466.0,449.6000061035156,453.8500061035156,453.8500061035156,154446,CIEINDIA,453.85,453.85,453.85,453.85,453.85,453.85,0.0,0.0
2025-05-27,456.0,456.0,449.04998779296875,451.1000061035156,451.1000061035156,69602,CIEINDIA,451.1,451.1,451.1,451.1,451.1,451.1,0.0,0.0
2025-05-28,453.5,457.95001220703125,450.8999938964844,453.04998779296875,453.04998779296875,46140,CIEINDIA,453.05,453.05,453.05,453.05,453.05,453.05,0.0,0.0
2025-05-29,455.3500061035156,455.8999938964844,447.0,448.8500061035156,448.8500061035156,80539,CIEINDIA,448.85,448.85,448.85,448.85,448.85,448.85,0.0,0.0
2025-05-30,450.0,451.8500061035156,442.70001220703125,449.75,449.75,125786,CIEINDIA,449.75,449.75,449.75,449.75,449.75,449.75,0.0,0.0
2025-06-02,450.79998779296875,450.79998779296875,437.29998779296875,448.1000061035156,448.1000061035156,138003,CIEINDIA,448.1,448.1,448.1,448.1,448.1,448.1,0.0,0.0
2025-06-03,448.1499938964844,451.0,440.79998779296875,444.79998779296875,444.79998779296875,79247,CIEINDIA,444.8,444.8,444.8,444.8,444.8,444.8,0.0,0.0
2025-06-04,447.6000061035156,462.0,443.0,445.79998779296875,445.79998779296875,165361,CIEINDIA,445.8,445.8,445.8,445.8,445.8,445.8,0.0,0.0
2025-06-05,445.8999938964844,452.0,443.6000061035156,450.1499938964844,450.1499938964844,64173,CIEINDIA,450.15,450.15,450.15,450.15,450.15,450.15,0.0,0.0
2025-06-06,452.5,461.20001220703125,441.04998779296875,444.54998779296875,444.54998779296875,174498,CIEINDIA,444.55,444.55,444.55,444.55,444.55,444.55,0.0,0.0
2025-06-09,450.5,457.45001220703125,442.75,451.8999938964844,451.8999938964844,275973,CIEINDIA,451.9,451.9,451.9,451.9,451.9,451.9,0.0,0.0
2025-06-10,452.6000061035156,460.95001220703125,452.6000061035156,456.1499938964844,456.1499938964844,164505,CIEINDIA,456.15,456.15,456.15,456.15,456.15,456.15,0.0,0.0
2025-06-11,454.1000061035156,483.0,454.1000061035156,478.25,478.25,957308,CIEINDIA,478.25,478.25,478.25,478.25,478.25,478.25,0.0,0.0
2025-06-12,480.25,487.0,456.1499938964844,458.6000061035156,458.6000061035156,431803,CIEINDIA,458.6,458.6,458.6,458.6,458.6,458.6,0.0,0.0
2025-06-13,456.0,460.45001220703125,443.54998779296875,453.70001220703125,453.70001220703125,231249,CIEINDIA,453.7,453.7,453.7,453.7,453.7,453.7,0.0,0.0
2025-06-16,453.8999938964844,456.1000061035156,446.1000061035156,450.5,450.5,217384,CIEINDIA,450.5,450.5,450.5,450.5,450.5,450.5,0.0,0.0
2025-06-17,450.45001220703125,452.95001220703125,446.3999938964844,450.04998779296875,450.04998779296875,200091,CIEINDIA,450.05,450.05,450.05,450.05,450.05,450.05,0.0,0.0
2025-06-18,451.0,455.0,441.25,445.1499938964844,445.1499938964844,86585,CIEINDIA,445.15,445.15,445.15,445.15,445.15,445.15,0.0,0.0
2025-06-19,441.0,448.6000061035156,435.70001220703125,439.29998779296875,439.29998779296875,338950,CIEINDIA,439.3,439.3,439.3,439.3,439.3,439.3,0.0,0.0
2025-06-20,438.0,454.0,435.79998779296875,448.70001220703125,448.70001220703125,531937,CIEINDIA,448.7,448.7,448.7,448.7,448.7,448.7,0.0,0.0
2025-06-23,444.6000061035156,447.8500061035156,440.3999938964844,446.6499938964844,446.6499938964844,242491,CIEINDIA,446.65,446.65,446.65,446.65,446.65,446.65,0.0,0.0
2025-06-24,449.0,454.45001220703125,444.1499938964844,447.6000061035156,447.6000061035156,81579,CIEINDIA,447.6,447.6,447.6,447.6,447.6,447.6,0.0,0.0
2025-06-25,447.8999938964844,454.0,446.45001220703125,450.54998779296875,450.54998779296875,96236,CIEINDIA,450.55,450.55,450.55,450.55,450.55,450.55,0.0,0.0
2025-06-26,452.75,453.8999938964844,437.1000061035156,444.5,444.5,213749,CIEINDIA,444.5,444.5,444.5,444.5,444.5,444.5,0.0,0.0
2025-06-27,446.75,450.0,443.8500061035156,447.3500061035156,447.3500061035156,68748,CIEINDIA,447.35,447.35,447.35,447.35,447.35,447.35,0.0,0.0
2025-06-30,447.3500061035156,454.29998779296875,440.1000061035156,443.1000061035156,443.1000061035156,156199,CIEINDIA,443.1,443.1,443.1,443.1,443.1,443.1,0.0,0.0
